Entity,Code,Year,Number of articles - Field: All
ASEAN (Association of Southeast Asian Nations) (CSET),,2014,5119
ASEAN (Association of Southeast Asian Nations) (CSET),,2015,5600
ASEAN (Association of Southeast Asian Nations) (CSET),,2016,6172
ASEAN (Association of Southeast Asian Nations) (CSET),,2017,7229
ASEAN (Association of Southeast Asian Nations) (CSET),,2018,9106
ASEAN (Association of Southeast Asian Nations) (CSET),,2019,11047
ASEAN (Association of Southeast Asian Nations) (CSET),,2020,12620
ASEAN (Association of Southeast Asian Nations) (CSET),,2021,15607
ASEAN (Association of Southeast Asian Nations) (CSET),,2022,17854
Afghanistan,AFG,2015,2
Afghanistan,AFG,2016,1
Afghanistan,AFG,2017,2
Afghanistan,AFG,2018,4
Afghanistan,AFG,2019,12
Afghanistan,AFG,2020,17
Afghanistan,AFG,2021,19
Afghanistan,AFG,2022,61
Africa,,2014,2761
Africa,,2015,3106
Africa,,2016,3687
Africa,,2017,3963
Africa,,2018,4519
Africa,,2019,5300
Africa,,2020,6791
Africa,,2021,8485
Africa,,2022,10743
Africa (CSET),,2014,2729
Africa (CSET),,2015,3066
Africa (CSET),,2016,3640
Africa (CSET),,2017,3886
Africa (CSET),,2018,4435
Africa (CSET),,2019,5178
Africa (CSET),,2020,6565
Africa (CSET),,2021,8149
Africa (CSET),,2022,10257
Albania,ALB,2014,24
Albania,ALB,2015,20
Albania,ALB,2016,17
Albania,ALB,2017,30
Albania,ALB,2018,25
Albania,ALB,2019,20
Albania,ALB,2020,24
Albania,ALB,2021,43
Albania,ALB,2022,57
Algeria,DZA,2014,490
Algeria,DZA,2015,589
Algeria,DZA,2016,594
Algeria,DZA,2017,606
Algeria,DZA,2018,776
Algeria,DZA,2019,736
Algeria,DZA,2020,825
Algeria,DZA,2021,959
Algeria,DZA,2022,1265
Andorra,AND,2014,1
Andorra,AND,2015,2
Andorra,AND,2016,3
Andorra,AND,2022,2
Angola,AGO,2014,1
Angola,AGO,2016,3
Angola,AGO,2017,2
Angola,AGO,2018,2
Angola,AGO,2019,6
Angola,AGO,2020,4
Angola,AGO,2021,2
Angola,AGO,2022,4
Antigua and Barbuda,ATG,2014,2
Antigua and Barbuda,ATG,2015,1
Antigua and Barbuda,ATG,2017,1
Antigua and Barbuda,ATG,2018,8
Antigua and Barbuda,ATG,2019,2
Antigua and Barbuda,ATG,2020,3
Antigua and Barbuda,ATG,2021,9
Antigua and Barbuda,ATG,2022,13
Argentina,ARG,2014,282
Argentina,ARG,2015,264
Argentina,ARG,2016,298
Argentina,ARG,2017,282
Argentina,ARG,2018,347
Argentina,ARG,2019,306
Argentina,ARG,2020,408
Argentina,ARG,2021,406
Argentina,ARG,2022,335
Armenia,ARM,2014,14
Armenia,ARM,2015,18
Armenia,ARM,2016,13
Armenia,ARM,2017,30
Armenia,ARM,2018,22
Armenia,ARM,2019,25
Armenia,ARM,2020,34
Armenia,ARM,2021,45
Armenia,ARM,2022,56
Asia,,2014,63671
Asia,,2015,67193
Asia,,2016,71963
Asia,,2017,82419
Asia,,2018,102031
Asia,,2019,126552
Asia,,2020,147772
Asia,,2021,190704
Asia,,2022,228978
Asia Pacific (CSET),,2014,59893
Asia Pacific (CSET),,2015,62895
Asia Pacific (CSET),,2016,67224
Asia Pacific (CSET),,2017,76719
Asia Pacific (CSET),,2018,94801
Asia Pacific (CSET),,2019,116872
Asia Pacific (CSET),,2020,134789
Asia Pacific (CSET),,2021,173013
Asia Pacific (CSET),,2022,206566
Australia,AUS,2014,3079
Australia,AUS,2015,3146
Australia,AUS,2016,3397
Australia,AUS,2017,3577
Australia,AUS,2018,4554
Australia,AUS,2019,5603
Australia,AUS,2020,6759
Australia,AUS,2021,7730
Australia,AUS,2022,7813
Austria,AUT,2014,916
Austria,AUT,2015,963
Austria,AUT,2016,1122
Austria,AUT,2017,1104
Austria,AUT,2018,1285
Austria,AUT,2019,1544
Austria,AUT,2020,1752
Austria,AUT,2021,2047
Austria,AUT,2022,2257
Azerbaijan,AZE,2014,33
Azerbaijan,AZE,2015,47
Azerbaijan,AZE,2016,42
Azerbaijan,AZE,2017,37
Azerbaijan,AZE,2018,65
Azerbaijan,AZE,2019,70
Azerbaijan,AZE,2020,77
Azerbaijan,AZE,2021,114
Azerbaijan,AZE,2022,131
Bahamas,BHS,2014,1
Bahamas,BHS,2018,1
Bahamas,BHS,2019,2
Bahamas,BHS,2020,1
Bahamas,BHS,2021,4
Bahamas,BHS,2022,8
Bahrain,BHR,2014,25
Bahrain,BHR,2015,18
Bahrain,BHR,2016,19
Bahrain,BHR,2017,18
Bahrain,BHR,2018,41
Bahrain,BHR,2019,39
Bahrain,BHR,2020,67
Bahrain,BHR,2021,126
Bahrain,BHR,2022,204
Bangladesh,BGD,2014,351
Bangladesh,BGD,2015,328
Bangladesh,BGD,2016,350
Bangladesh,BGD,2017,503
Bangladesh,BGD,2018,720
Bangladesh,BGD,2019,1197
Bangladesh,BGD,2020,1446
Bangladesh,BGD,2021,2212
Bangladesh,BGD,2022,2341
Barbados,BRB,2014,3
Barbados,BRB,2015,2
Barbados,BRB,2017,1
Barbados,BRB,2018,2
Barbados,BRB,2019,2
Barbados,BRB,2020,1
Barbados,BRB,2021,3
Barbados,BRB,2022,5
Belarus,BLR,2014,43
Belarus,BLR,2015,28
Belarus,BLR,2016,37
Belarus,BLR,2017,49
Belarus,BLR,2018,44
Belarus,BLR,2019,96
Belarus,BLR,2020,113
Belarus,BLR,2021,109
Belarus,BLR,2022,150
Belgium,BEL,2014,1130
Belgium,BEL,2015,1192
Belgium,BEL,2016,1209
Belgium,BEL,2017,1214
Belgium,BEL,2018,1499
Belgium,BEL,2019,1584
Belgium,BEL,2020,1915
Belgium,BEL,2021,2096
Belgium,BEL,2022,2267
Belize,BLZ,2014,1
Belize,BLZ,2019,1
Belize,BLZ,2020,3
Benin,BEN,2014,10
Benin,BEN,2015,10
Benin,BEN,2016,15
Benin,BEN,2017,7
Benin,BEN,2018,13
Benin,BEN,2019,11
Benin,BEN,2020,23
Benin,BEN,2021,15
Benin,BEN,2022,38
Bermuda,BMU,2018,1
Bermuda,BMU,2019,3
Bermuda,BMU,2020,4
Bermuda,BMU,2022,2
Bhutan,BTN,2014,1
Bhutan,BTN,2015,1
Bhutan,BTN,2016,1
Bhutan,BTN,2017,3
Bhutan,BTN,2019,4
Bhutan,BTN,2020,5
Bhutan,BTN,2021,12
Bhutan,BTN,2022,15
Bolivia,BOL,2014,13
Bolivia,BOL,2015,6
Bolivia,BOL,2016,12
Bolivia,BOL,2017,5
Bolivia,BOL,2018,13
Bolivia,BOL,2019,14
Bolivia,BOL,2020,12
Bolivia,BOL,2021,28
Bolivia,BOL,2022,19
Bosnia and Herzegovina,BIH,2014,40
Bosnia and Herzegovina,BIH,2015,50
Bosnia and Herzegovina,BIH,2016,72
Bosnia and Herzegovina,BIH,2017,92
Bosnia and Herzegovina,BIH,2018,113
Bosnia and Herzegovina,BIH,2019,130
Bosnia and Herzegovina,BIH,2020,127
Bosnia and Herzegovina,BIH,2021,122
Bosnia and Herzegovina,BIH,2022,142
Botswana,BWA,2014,3
Botswana,BWA,2015,7
Botswana,BWA,2016,15
Botswana,BWA,2017,12
Botswana,BWA,2018,7
Botswana,BWA,2019,16
Botswana,BWA,2020,18
Botswana,BWA,2021,44
Botswana,BWA,2022,40
Brazil,BRA,2014,1967
Brazil,BRA,2015,2306
Brazil,BRA,2016,2293
Brazil,BRA,2017,2580
Brazil,BRA,2018,3299
Brazil,BRA,2019,3757
Brazil,BRA,2020,4284
Brazil,BRA,2021,4488
Brazil,BRA,2022,4221
Brunei,BRN,2014,21
Brunei,BRN,2015,15
Brunei,BRN,2016,21
Brunei,BRN,2017,18
Brunei,BRN,2018,16
Brunei,BRN,2019,31
Brunei,BRN,2020,37
Brunei,BRN,2021,61
Brunei,BRN,2022,109
Bulgaria,BGR,2014,176
Bulgaria,BGR,2015,166
Bulgaria,BGR,2016,178
Bulgaria,BGR,2017,226
Bulgaria,BGR,2018,259
Bulgaria,BGR,2019,353
Bulgaria,BGR,2020,387
Bulgaria,BGR,2021,417
Bulgaria,BGR,2022,450
Burkina Faso,BFA,2014,2
Burkina Faso,BFA,2015,1
Burkina Faso,BFA,2016,4
Burkina Faso,BFA,2017,3
Burkina Faso,BFA,2018,7
Burkina Faso,BFA,2019,9
Burkina Faso,BFA,2020,13
Burkina Faso,BFA,2021,18
Burkina Faso,BFA,2022,21
Burundi,BDI,2014,25
Burundi,BDI,2015,40
Burundi,BDI,2016,34
Burundi,BDI,2017,25
Burundi,BDI,2018,32
Burundi,BDI,2019,43
Burundi,BDI,2020,42
Burundi,BDI,2021,49
Burundi,BDI,2022,30
Cambodia,KHM,2014,22
Cambodia,KHM,2015,19
Cambodia,KHM,2016,15
Cambodia,KHM,2017,12
Cambodia,KHM,2018,32
Cambodia,KHM,2019,32
Cambodia,KHM,2020,37
Cambodia,KHM,2021,45
Cambodia,KHM,2022,58
Cameroon,CMR,2014,18
Cameroon,CMR,2015,16
Cameroon,CMR,2016,12
Cameroon,CMR,2017,24
Cameroon,CMR,2018,33
Cameroon,CMR,2019,42
Cameroon,CMR,2020,67
Cameroon,CMR,2021,63
Cameroon,CMR,2022,64
Canada,CAN,2014,3813
Canada,CAN,2015,3872
Canada,CAN,2016,4034
Canada,CAN,2017,4436
Canada,CAN,2018,5283
Canada,CAN,2019,6867
Canada,CAN,2020,8390
Canada,CAN,2021,9867
Canada,CAN,2022,9745
Cape Verde,CPV,2017,1
Cape Verde,CPV,2022,1
Central African Republic,CAF,2022,2
Chad,TCD,2015,1
Chad,TCD,2017,1
Chad,TCD,2021,5
Chad,TCD,2022,1
Chile,CHL,2014,247
Chile,CHL,2015,315
Chile,CHL,2016,339
Chile,CHL,2017,318
Chile,CHL,2018,376
Chile,CHL,2019,438
Chile,CHL,2020,523
Chile,CHL,2021,643
Chile,CHL,2022,607
China,CHN,2014,30946
China,CHN,2015,31289
China,CHN,2016,33187
China,CHN,2017,38431
China,CHN,2018,48601
China,CHN,2019,61978
China,CHN,2020,69728
China,CHN,2021,90630
China,CHN,2022,111051
Colombia,COL,2014,393
Colombia,COL,2015,482
Colombia,COL,2016,476
Colombia,COL,2017,532
Colombia,COL,2018,623
Colombia,COL,2019,738
Colombia,COL,2020,872
Colombia,COL,2021,867
Colombia,COL,2022,798
Comoros,COM,2016,1
Comoros,COM,2020,1
Congo,COG,2015,3
Congo,COG,2016,2
Congo,COG,2017,3
Congo,COG,2018,5
Congo,COG,2019,7
Congo,COG,2020,11
Congo,COG,2021,19
Congo,COG,2022,26
Costa Rica,CRI,2014,23
Costa Rica,CRI,2015,22
Costa Rica,CRI,2016,36
Costa Rica,CRI,2017,34
Costa Rica,CRI,2018,58
Costa Rica,CRI,2019,82
Costa Rica,CRI,2020,79
Costa Rica,CRI,2021,71
Costa Rica,CRI,2022,85
Cote d'Ivoire,CIV,2014,2
Cote d'Ivoire,CIV,2015,4
Cote d'Ivoire,CIV,2016,9
Cote d'Ivoire,CIV,2017,9
Cote d'Ivoire,CIV,2018,10
Cote d'Ivoire,CIV,2019,10
Cote d'Ivoire,CIV,2020,17
Cote d'Ivoire,CIV,2021,18
Cote d'Ivoire,CIV,2022,22
Croatia,HRV,2014,215
Croatia,HRV,2015,236
Croatia,HRV,2016,274
Croatia,HRV,2017,268
Croatia,HRV,2018,309
Croatia,HRV,2019,330
Croatia,HRV,2020,424
Croatia,HRV,2021,489
Croatia,HRV,2022,522
Cuba,CUB,2014,93
Cuba,CUB,2015,93
Cuba,CUB,2016,104
Cuba,CUB,2017,99
Cuba,CUB,2018,140
Cuba,CUB,2019,116
Cuba,CUB,2020,100
Cuba,CUB,2021,129
Cuba,CUB,2022,90
Cyprus,CYP,2014,117
Cyprus,CYP,2015,130
Cyprus,CYP,2016,155
Cyprus,CYP,2017,196
Cyprus,CYP,2018,209
Cyprus,CYP,2019,264
Cyprus,CYP,2020,323
Cyprus,CYP,2021,426
Cyprus,CYP,2022,420
Czechia,CZE,2014,972
Czechia,CZE,2015,1050
Czechia,CZE,2016,1065
Czechia,CZE,2017,1058
Czechia,CZE,2018,1128
Czechia,CZE,2019,1218
Czechia,CZE,2020,1276
Czechia,CZE,2021,1415
Czechia,CZE,2022,1447
Denmark,DNK,2014,509
Denmark,DNK,2015,573
Denmark,DNK,2016,638
Denmark,DNK,2017,700
Denmark,DNK,2018,859
Denmark,DNK,2019,1011
Denmark,DNK,2020,1275
Denmark,DNK,2021,1700
Denmark,DNK,2022,1668
Djibouti,DJI,2014,1
Djibouti,DJI,2017,1
Djibouti,DJI,2022,1
Dominica,DMA,2015,1
Dominica,DMA,2017,1
Dominica,DMA,2018,1
Dominica,DMA,2022,1
Dominican Republic,DOM,2014,2
Dominican Republic,DOM,2015,2
Dominican Republic,DOM,2016,7
Dominican Republic,DOM,2018,13
Dominican Republic,DOM,2019,15
Dominican Republic,DOM,2020,14
Dominican Republic,DOM,2021,17
Dominican Republic,DOM,2022,9
East Timor,TLS,2015,1
East Timor,TLS,2017,1
East Timor,TLS,2018,2
East Timor,TLS,2019,3
East Timor,TLS,2021,2
East Timor,TLS,2022,3
Ecuador,ECU,2014,66
Ecuador,ECU,2015,119
Ecuador,ECU,2016,168
Ecuador,ECU,2017,333
Ecuador,ECU,2018,366
Ecuador,ECU,2019,402
Ecuador,ECU,2020,404
Ecuador,ECU,2021,433
Ecuador,ECU,2022,421
Egypt,EGY,2014,663
Egypt,EGY,2015,734
Egypt,EGY,2016,781
Egypt,EGY,2017,849
Egypt,EGY,2018,1000
Egypt,EGY,2019,1211
Egypt,EGY,2020,1637
Egypt,EGY,2021,2203
Egypt,EGY,2022,2744
El Salvador,SLV,2014,1
El Salvador,SLV,2015,4
El Salvador,SLV,2016,3
El Salvador,SLV,2017,5
El Salvador,SLV,2018,13
El Salvador,SLV,2019,6
El Salvador,SLV,2020,10
El Salvador,SLV,2021,14
El Salvador,SLV,2022,24
Equatorial Guinea,GNQ,2022,1
Eritrea,ERI,2021,1
Eritrea,ERI,2022,1
Estonia,EST,2014,79
Estonia,EST,2015,85
Estonia,EST,2016,92
Estonia,EST,2017,119
Estonia,EST,2018,153
Estonia,EST,2019,173
Estonia,EST,2020,250
Estonia,EST,2021,278
Estonia,EST,2022,306
Eswatini,SWZ,2016,2
Eswatini,SWZ,2017,1
Eswatini,SWZ,2018,2
Eswatini,SWZ,2019,2
Eswatini,SWZ,2020,6
Eswatini,SWZ,2021,6
Eswatini,SWZ,2022,13
Ethiopia,ETH,2014,13
Ethiopia,ETH,2015,27
Ethiopia,ETH,2016,31
Ethiopia,ETH,2017,41
Ethiopia,ETH,2018,58
Ethiopia,ETH,2019,93
Ethiopia,ETH,2020,152
Ethiopia,ETH,2021,302
Ethiopia,ETH,2022,627
Europe,,2014,45078
Europe,,2015,47550
Europe,,2016,50481
Europe,,2017,53716
Europe,,2018,62999
Europe,,2019,74284
Europe,,2020,85353
Europe,,2021,97580
Europe,,2022,100679
Europe (CSET),,2014,39952
Europe (CSET),,2015,41982
Europe (CSET),,2016,44309
Europe (CSET),,2017,47387
Europe (CSET),,2018,55161
Europe (CSET),,2019,65388
Europe (CSET),,2020,74489
Europe (CSET),,2021,85032
Europe (CSET),,2022,87191
European Union (27) (CSET),,2014,30874
European Union (27) (CSET),,2015,32234
European Union (27) (CSET),,2016,33207
European Union (27) (CSET),,2017,34425
European Union (27) (CSET),,2018,39285
European Union (27) (CSET),,2019,45470
European Union (27) (CSET),,2020,51288
European Union (27) (CSET),,2021,58438
European Union (27) (CSET),,2022,60861
Fiji,FJI,2014,26
Fiji,FJI,2015,33
Fiji,FJI,2016,32
Fiji,FJI,2017,25
Fiji,FJI,2018,18
Fiji,FJI,2019,26
Fiji,FJI,2020,39
Fiji,FJI,2021,43
Fiji,FJI,2022,40
Finland,FIN,2014,685
Finland,FIN,2015,685
Finland,FIN,2016,770
Finland,FIN,2017,800
Finland,FIN,2018,963
Finland,FIN,2019,1266
Finland,FIN,2020,1435
Finland,FIN,2021,1643
Finland,FIN,2022,1712
"Five Eyes (Australia, Canada, New Zealand, UK, and the US) (CSET)",,2014,33853
"Five Eyes (Australia, Canada, New Zealand, UK, and the US) (CSET)",,2015,35411
"Five Eyes (Australia, Canada, New Zealand, UK, and the US) (CSET)",,2016,38291
"Five Eyes (Australia, Canada, New Zealand, UK, and the US) (CSET)",,2017,42872
"Five Eyes (Australia, Canada, New Zealand, UK, and the US) (CSET)",,2018,52753
"Five Eyes (Australia, Canada, New Zealand, UK, and the US) (CSET)",,2019,65989
"Five Eyes (Australia, Canada, New Zealand, UK, and the US) (CSET)",,2020,76919
"Five Eyes (Australia, Canada, New Zealand, UK, and the US) (CSET)",,2021,85449
"Five Eyes (Australia, Canada, New Zealand, UK, and the US) (CSET)",,2022,81921
France,FRA,2014,5975
France,FRA,2015,6177
France,FRA,2016,6142
France,FRA,2017,6058
France,FRA,2018,6834
France,FRA,2019,7599
France,FRA,2020,8027
France,FRA,2021,8439
France,FRA,2022,9099
Gabon,GAB,2014,3
Gabon,GAB,2015,2
Gabon,GAB,2019,2
Gabon,GAB,2020,2
Gabon,GAB,2021,3
Gabon,GAB,2022,4
Gambia,GMB,2016,1
Gambia,GMB,2019,1
Gambia,GMB,2021,4
Gambia,GMB,2022,3
Georgia,GEO,2014,10
Georgia,GEO,2015,8
Georgia,GEO,2016,18
Georgia,GEO,2017,14
Georgia,GEO,2018,28
Georgia,GEO,2019,23
Georgia,GEO,2020,40
Georgia,GEO,2021,46
Georgia,GEO,2022,58
Germany,DEU,2014,6387
Germany,DEU,2015,6513
Germany,DEU,2016,7023
Germany,DEU,2017,7494
Germany,DEU,2018,8907
Germany,DEU,2019,10587
Germany,DEU,2020,12538
Germany,DEU,2021,14503
Germany,DEU,2022,14464
Ghana,GHA,2014,26
Ghana,GHA,2015,27
Ghana,GHA,2016,16
Ghana,GHA,2017,32
Ghana,GHA,2018,58
Ghana,GHA,2019,83
Ghana,GHA,2020,107
Ghana,GHA,2021,190
Ghana,GHA,2022,293
Global Partnership on Artificial Intelligence (CSET),,2014,76054
Global Partnership on Artificial Intelligence (CSET),,2015,80828
Global Partnership on Artificial Intelligence (CSET),,2016,85749
Global Partnership on Artificial Intelligence (CSET),,2017,93601
Global Partnership on Artificial Intelligence (CSET),,2018,112002
Global Partnership on Artificial Intelligence (CSET),,2019,133172
Global Partnership on Artificial Intelligence (CSET),,2020,154712
Global Partnership on Artificial Intelligence (CSET),,2021,179309
Global Partnership on Artificial Intelligence (CSET),,2022,186852
Greece,GRC,2014,1039
Greece,GRC,2015,993
Greece,GRC,2016,1058
Greece,GRC,2017,977
Greece,GRC,2018,1231
Greece,GRC,2019,1290
Greece,GRC,2020,1626
Greece,GRC,2021,2089
Greece,GRC,2022,2236
Grenada,GRD,2014,1
Grenada,GRD,2015,1
Grenada,GRD,2017,1
Grenada,GRD,2018,3
Grenada,GRD,2019,1
Grenada,GRD,2020,5
Grenada,GRD,2021,3
Grenada,GRD,2022,2
Guatemala,GTM,2014,2
Guatemala,GTM,2015,6
Guatemala,GTM,2016,5
Guatemala,GTM,2017,13
Guatemala,GTM,2018,11
Guatemala,GTM,2019,20
Guatemala,GTM,2020,16
Guatemala,GTM,2021,23
Guatemala,GTM,2022,16
Guinea,GIN,2020,1
Guinea,GIN,2022,1
Guinea-Bissau,GNB,2018,1
Guyana,GUY,2016,1
Guyana,GUY,2017,2
Guyana,GUY,2020,1
Haiti,HTI,2018,1
Haiti,HTI,2019,1
Haiti,HTI,2021,1
Haiti,HTI,2022,3
Honduras,HND,2014,1
Honduras,HND,2015,3
Honduras,HND,2016,2
Honduras,HND,2017,1
Honduras,HND,2018,5
Honduras,HND,2019,15
Honduras,HND,2020,72
Honduras,HND,2021,23
Honduras,HND,2022,37
Hungary,HUN,2014,377
Hungary,HUN,2015,352
Hungary,HUN,2016,385
Hungary,HUN,2017,355
Hungary,HUN,2018,490
Hungary,HUN,2019,631
Hungary,HUN,2020,708
Hungary,HUN,2021,760
Hungary,HUN,2022,961
Iceland,ISL,2014,94
Iceland,ISL,2015,69
Iceland,ISL,2016,72
Iceland,ISL,2017,84
Iceland,ISL,2018,59
Iceland,ISL,2019,88
Iceland,ISL,2020,77
Iceland,ISL,2021,70
Iceland,ISL,2022,125
India,IND,2014,7896
India,IND,2015,9473
India,IND,2016,11242
India,IND,2017,12764
India,IND,2018,15697
India,IND,2019,17838
India,IND,2020,23280
India,IND,2021,32520
India,IND,2022,41551
Indonesia,IDN,2014,606
Indonesia,IDN,2015,875
Indonesia,IDN,2016,1186
Indonesia,IDN,2017,1818
Indonesia,IDN,2018,2660
Indonesia,IDN,2019,3295
Indonesia,IDN,2020,3890
Indonesia,IDN,2021,4487
Indonesia,IDN,2022,5208
Iran,IRN,2014,1896
Iran,IRN,2015,2133
Iran,IRN,2016,1951
Iran,IRN,2017,2326
Iran,IRN,2018,2218
Iran,IRN,2019,2820
Iran,IRN,2020,3258
Iran,IRN,2021,3744
Iran,IRN,2022,3873
Iraq,IRQ,2014,187
Iraq,IRQ,2015,202
Iraq,IRQ,2016,274
Iraq,IRQ,2017,368
Iraq,IRQ,2018,519
Iraq,IRQ,2019,766
Iraq,IRQ,2020,1129
Iraq,IRQ,2021,1568
Iraq,IRQ,2022,2149
Ireland,IRL,2014,551
Ireland,IRL,2015,544
Ireland,IRL,2016,592
Ireland,IRL,2017,581
Ireland,IRL,2018,753
Ireland,IRL,2019,928
Ireland,IRL,2020,1116
Ireland,IRL,2021,1250
Ireland,IRL,2022,1296
Israel,ISR,2014,884
Israel,ISR,2015,886
Israel,ISR,2016,1015
Israel,ISR,2017,1144
Israel,ISR,2018,1378
Israel,ISR,2019,1871
Israel,ISR,2020,2194
Israel,ISR,2021,2494
Israel,ISR,2022,1944
Italy,ITA,2014,4002
Italy,ITA,2015,4468
Italy,ITA,2016,4596
Italy,ITA,2017,4863
Italy,ITA,2018,5355
Italy,ITA,2019,6208
Italy,ITA,2020,7327
Italy,ITA,2021,8514
Italy,ITA,2022,9353
Jamaica,JAM,2014,5
Jamaica,JAM,2015,8
Jamaica,JAM,2016,12
Jamaica,JAM,2017,10
Jamaica,JAM,2018,20
Jamaica,JAM,2019,37
Jamaica,JAM,2020,28
Jamaica,JAM,2021,34
Jamaica,JAM,2022,23
Japan,JPN,2014,6702
Japan,JPN,2015,7061
Japan,JPN,2016,7216
Japan,JPN,2017,7652
Japan,JPN,2018,8879
Japan,JPN,2019,9923
Japan,JPN,2020,10249
Japan,JPN,2021,10860
Japan,JPN,2022,11271
Jordan,JOR,2014,185
Jordan,JOR,2015,203
Jordan,JOR,2016,242
Jordan,JOR,2017,246
Jordan,JOR,2018,354
Jordan,JOR,2019,433
Jordan,JOR,2020,500
Jordan,JOR,2021,644
Jordan,JOR,2022,848
Kazakhstan,KAZ,2014,83
Kazakhstan,KAZ,2015,103
Kazakhstan,KAZ,2016,101
Kazakhstan,KAZ,2017,119
Kazakhstan,KAZ,2018,158
Kazakhstan,KAZ,2019,222
Kazakhstan,KAZ,2020,262
Kazakhstan,KAZ,2021,343
Kazakhstan,KAZ,2022,368
Kenya,KEN,2014,29
Kenya,KEN,2015,17
Kenya,KEN,2016,43
Kenya,KEN,2017,36
Kenya,KEN,2018,51
Kenya,KEN,2019,86
Kenya,KEN,2020,119
Kenya,KEN,2021,138
Kenya,KEN,2022,191
Kiribati,KIR,2018,1
Kiribati,KIR,2020,1
Kosovo,OWID_KOS,2014,4
Kosovo,OWID_KOS,2015,7
Kosovo,OWID_KOS,2016,16
Kosovo,OWID_KOS,2017,24
Kosovo,OWID_KOS,2018,16
Kosovo,OWID_KOS,2019,23
Kosovo,OWID_KOS,2020,7
Kosovo,OWID_KOS,2021,17
Kosovo,OWID_KOS,2022,22
Kuwait,KWT,2014,37
Kuwait,KWT,2015,58
Kuwait,KWT,2016,54
Kuwait,KWT,2017,56
Kuwait,KWT,2018,71
Kuwait,KWT,2019,85
Kuwait,KWT,2020,129
Kuwait,KWT,2021,152
Kuwait,KWT,2022,220
Kyrgyzstan,KGZ,2015,1
Kyrgyzstan,KGZ,2016,4
Kyrgyzstan,KGZ,2017,2
Kyrgyzstan,KGZ,2018,3
Kyrgyzstan,KGZ,2019,11
Kyrgyzstan,KGZ,2020,16
Kyrgyzstan,KGZ,2021,31
Kyrgyzstan,KGZ,2022,31
Laos,LAO,2015,1
Laos,LAO,2016,1
Laos,LAO,2017,1
Laos,LAO,2019,2
Laos,LAO,2020,2
Laos,LAO,2021,4
Laos,LAO,2022,2
Latin America and the Caribbean (CSET),,2014,4147
Latin America and the Caribbean (CSET),,2015,4683
Latin America and the Caribbean (CSET),,2016,4924
Latin America and the Caribbean (CSET),,2017,5441
Latin America and the Caribbean (CSET),,2018,6774
Latin America and the Caribbean (CSET),,2019,7600
Latin America and the Caribbean (CSET),,2020,8624
Latin America and the Caribbean (CSET),,2021,9196
Latin America and the Caribbean (CSET),,2022,8680
Latvia,LVA,2014,86
Latvia,LVA,2015,79
Latvia,LVA,2016,76
Latvia,LVA,2017,85
Latvia,LVA,2018,98
Latvia,LVA,2019,104
Latvia,LVA,2020,142
Latvia,LVA,2021,139
Latvia,LVA,2022,152
Lebanon,LBN,2014,101
Lebanon,LBN,2015,143
Lebanon,LBN,2016,131
Lebanon,LBN,2017,149
Lebanon,LBN,2018,223
Lebanon,LBN,2019,224
Lebanon,LBN,2020,221
Lebanon,LBN,2021,263
Lebanon,LBN,2022,364
Lesotho,LSO,2017,1
Lesotho,LSO,2019,2
Lesotho,LSO,2020,2
Lesotho,LSO,2021,3
Lesotho,LSO,2022,4
Liberia,LBR,2015,2
Liberia,LBR,2017,1
Liberia,LBR,2019,1
Liberia,LBR,2020,1
Liberia,LBR,2021,4
Liberia,LBR,2022,15
Libya,LBY,2014,15
Libya,LBY,2015,18
Libya,LBY,2016,18
Libya,LBY,2017,24
Libya,LBY,2018,31
Libya,LBY,2019,29
Libya,LBY,2020,57
Libya,LBY,2021,83
Libya,LBY,2022,104
Liechtenstein,LIE,2014,3
Liechtenstein,LIE,2015,1
Liechtenstein,LIE,2016,2
Liechtenstein,LIE,2017,5
Liechtenstein,LIE,2018,11
Liechtenstein,LIE,2019,12
Liechtenstein,LIE,2020,16
Liechtenstein,LIE,2021,11
Liechtenstein,LIE,2022,18
Lithuania,LTU,2014,113
Lithuania,LTU,2015,100
Lithuania,LTU,2016,127
Lithuania,LTU,2017,127
Lithuania,LTU,2018,139
Lithuania,LTU,2019,166
Lithuania,LTU,2020,196
Lithuania,LTU,2021,264
Lithuania,LTU,2022,308
Luxembourg,LUX,2014,132
Luxembourg,LUX,2015,121
Luxembourg,LUX,2016,156
Luxembourg,LUX,2017,167
Luxembourg,LUX,2018,194
Luxembourg,LUX,2019,188
Luxembourg,LUX,2020,249
Luxembourg,LUX,2021,283
Luxembourg,LUX,2022,305
Madagascar,MDG,2014,4
Madagascar,MDG,2015,4
Madagascar,MDG,2016,1
Madagascar,MDG,2017,1
Madagascar,MDG,2018,3
Madagascar,MDG,2019,13
Madagascar,MDG,2020,13
Madagascar,MDG,2021,19
Madagascar,MDG,2022,8
Malawi,MWI,2014,1
Malawi,MWI,2015,2
Malawi,MWI,2018,1
Malawi,MWI,2019,4
Malawi,MWI,2020,4
Malawi,MWI,2021,12
Malawi,MWI,2022,17
Malaysia,MYS,2014,1837
Malaysia,MYS,2015,1896
Malaysia,MYS,2016,1778
Malaysia,MYS,2017,1998
Malaysia,MYS,2018,2227
Malaysia,MYS,2019,2478
Malaysia,MYS,2020,2510
Malaysia,MYS,2021,3659
Malaysia,MYS,2022,4117
Maldives,MDV,2015,1
Maldives,MDV,2017,1
Maldives,MDV,2018,2
Maldives,MDV,2019,2
Maldives,MDV,2020,5
Maldives,MDV,2021,1
Maldives,MDV,2022,7
Mali,MLI,2014,3
Mali,MLI,2015,6
Mali,MLI,2016,8
Mali,MLI,2017,12
Mali,MLI,2018,11
Mali,MLI,2019,17
Mali,MLI,2020,27
Mali,MLI,2021,22
Mali,MLI,2022,26
Malta,MLT,2014,30
Malta,MLT,2015,62
Malta,MLT,2016,67
Malta,MLT,2017,72
Malta,MLT,2018,67
Malta,MLT,2019,80
Malta,MLT,2020,89
Malta,MLT,2021,118
Malta,MLT,2022,118
Mauritania,MRT,2015,2
Mauritania,MRT,2016,2
Mauritania,MRT,2017,1
Mauritania,MRT,2018,1
Mauritania,MRT,2019,1
Mauritania,MRT,2020,1
Mauritania,MRT,2021,5
Mauritania,MRT,2022,6
Mauritius,MUS,2014,8
Mauritius,MUS,2015,10
Mauritius,MUS,2016,8
Mauritius,MUS,2017,11
Mauritius,MUS,2018,27
Mauritius,MUS,2019,32
Mauritius,MUS,2020,31
Mauritius,MUS,2021,41
Mauritius,MUS,2022,58
Mexico,MEX,2014,1009
Mexico,MEX,2015,1038
Mexico,MEX,2016,1173
Mexico,MEX,2017,1163
Mexico,MEX,2018,1428
Mexico,MEX,2019,1614
Mexico,MEX,2020,1743
Mexico,MEX,2021,1863
Mexico,MEX,2022,1775
Micronesia (country),FSM,2014,1
Micronesia (country),FSM,2015,1
Micronesia (country),FSM,2020,1
Micronesia (country),FSM,2022,1
Moldova,MDA,2014,6
Moldova,MDA,2015,19
Moldova,MDA,2016,10
Moldova,MDA,2017,15
Moldova,MDA,2018,13
Moldova,MDA,2019,11
Moldova,MDA,2020,24
Moldova,MDA,2021,22
Moldova,MDA,2022,31
Monaco,MCO,2014,1
Monaco,MCO,2017,3
Monaco,MCO,2018,1
Monaco,MCO,2019,1
Monaco,MCO,2020,4
Monaco,MCO,2021,6
Monaco,MCO,2022,4
Mongolia,MNG,2014,57
Mongolia,MNG,2015,35
Mongolia,MNG,2016,20
Mongolia,MNG,2017,22
Mongolia,MNG,2018,30
Mongolia,MNG,2019,41
Mongolia,MNG,2020,36
Mongolia,MNG,2021,73
Mongolia,MNG,2022,85
Montenegro,MNE,2014,10
Montenegro,MNE,2015,18
Montenegro,MNE,2016,18
Montenegro,MNE,2017,16
Montenegro,MNE,2018,23
Montenegro,MNE,2019,23
Montenegro,MNE,2020,37
Montenegro,MNE,2021,40
Montenegro,MNE,2022,46
Morocco,MAR,2014,295
Morocco,MAR,2015,372
Morocco,MAR,2016,546
Morocco,MAR,2017,680
Morocco,MAR,2018,742
Morocco,MAR,2019,804
Morocco,MAR,2020,1043
Morocco,MAR,2021,1138
Morocco,MAR,2022,1443
Mozambique,MOZ,2014,1
Mozambique,MOZ,2015,6
Mozambique,MOZ,2016,4
Mozambique,MOZ,2017,6
Mozambique,MOZ,2018,10
Mozambique,MOZ,2019,14
Mozambique,MOZ,2020,11
Mozambique,MOZ,2021,16
Mozambique,MOZ,2022,13
Myanmar,MMR,2014,31
Myanmar,MMR,2015,35
Myanmar,MMR,2016,33
Myanmar,MMR,2017,58
Myanmar,MMR,2018,117
Myanmar,MMR,2019,150
Myanmar,MMR,2020,161
Myanmar,MMR,2021,66
Myanmar,MMR,2022,52
NATO (CSET),,2014,57566
NATO (CSET),,2015,60376
NATO (CSET),,2016,63515
NATO (CSET),,2017,69347
NATO (CSET),,2018,82387
NATO (CSET),,2019,99589
NATO (CSET),,2020,114271
NATO (CSET),,2021,128523
NATO (CSET),,2022,127803
Namibia,NAM,2014,2
Namibia,NAM,2015,6
Namibia,NAM,2016,7
Namibia,NAM,2017,5
Namibia,NAM,2018,6
Namibia,NAM,2019,3
Namibia,NAM,2020,10
Namibia,NAM,2021,20
Namibia,NAM,2022,13
Nepal,NPL,2014,83
Nepal,NPL,2015,59
Nepal,NPL,2016,93
Nepal,NPL,2017,98
Nepal,NPL,2018,112
Nepal,NPL,2019,163
Nepal,NPL,2020,204
Nepal,NPL,2021,297
Nepal,NPL,2022,389
Netherlands,NLD,2014,1884
Netherlands,NLD,2015,1884
Netherlands,NLD,2016,2138
Netherlands,NLD,2017,2186
Netherlands,NLD,2018,2743
Netherlands,NLD,2019,3319
Netherlands,NLD,2020,3935
Netherlands,NLD,2021,4598
Netherlands,NLD,2022,4565
New Zealand,NZL,2014,492
New Zealand,NZL,2015,477
New Zealand,NZL,2016,545
New Zealand,NZL,2017,622
New Zealand,NZL,2018,640
New Zealand,NZL,2019,762
New Zealand,NZL,2020,850
New Zealand,NZL,2021,875
New Zealand,NZL,2022,918
Nicaragua,NIC,2014,2
Nicaragua,NIC,2015,3
Nicaragua,NIC,2016,2
Nicaragua,NIC,2017,7
Nicaragua,NIC,2018,3
Nicaragua,NIC,2019,7
Nicaragua,NIC,2020,9
Nicaragua,NIC,2021,7
Nicaragua,NIC,2022,8
Niger,NER,2014,6
Niger,NER,2015,2
Niger,NER,2016,2
Niger,NER,2017,1
Niger,NER,2018,3
Niger,NER,2019,5
Niger,NER,2020,5
Niger,NER,2021,2
Niger,NER,2022,9
Nigeria,NGA,2014,121
Nigeria,NGA,2015,151
Nigeria,NGA,2016,172
Nigeria,NGA,2017,239
Nigeria,NGA,2018,240
Nigeria,NGA,2019,458
Nigeria,NGA,2020,606
Nigeria,NGA,2021,840
Nigeria,NGA,2022,1028
North America,,2014,26809
North America,,2015,28354
North America,,2016,30583
North America,,2017,34583
North America,,2018,42875
North America,,2019,53726
North America,,2020,62786
North America,,2021,69312
North America,,2022,65595
North America (CSET),,2014,25171
North America (CSET),,2015,26622
North America (CSET),,2016,28617
North America (CSET),,2017,32464
North America (CSET),,2018,40158
North America (CSET),,2019,50634
North America (CSET),,2020,59049
North America (CSET),,2021,65141
North America (CSET),,2022,61473
North Korea,PRK,2014,9
North Korea,PRK,2015,6
North Korea,PRK,2016,3
North Korea,PRK,2017,4
North Korea,PRK,2018,11
North Korea,PRK,2019,7
North Korea,PRK,2020,7
North Korea,PRK,2021,10
North Korea,PRK,2022,23
North Macedonia,MKD,2014,52
North Macedonia,MKD,2015,50
North Macedonia,MKD,2016,72
North Macedonia,MKD,2017,87
North Macedonia,MKD,2018,99
North Macedonia,MKD,2019,88
North Macedonia,MKD,2020,136
North Macedonia,MKD,2021,124
North Macedonia,MKD,2022,173
Norway,NOR,2014,546
Norway,NOR,2015,533
Norway,NOR,2016,611
Norway,NOR,2017,756
Norway,NOR,2018,944
Norway,NOR,2019,1142
Norway,NOR,2020,1411
Norway,NOR,2021,1845
Norway,NOR,2022,2018
OECD (CSET),,2014,72221
OECD (CSET),,2015,75425
OECD (CSET),,2016,79055
OECD (CSET),,2017,85839
OECD (CSET),,2018,102141
OECD (CSET),,2019,122600
OECD (CSET),,2020,140130
OECD (CSET),,2021,157756
OECD (CSET),,2022,158321
Oceania,,2014,3600
Oceania,,2015,3660
Oceania,,2016,3975
Oceania,,2017,4229
Oceania,,2018,5217
Oceania,,2019,6401
Oceania,,2020,7659
Oceania,,2021,8671
Oceania,,2022,8791
Oceania (CSET),,2014,3555
Oceania (CSET),,2015,3615
Oceania (CSET),,2016,3929
Oceania (CSET),,2017,4175
Oceania (CSET),,2018,5157
Oceania (CSET),,2019,6338
Oceania (CSET),,2020,7587
Oceania (CSET),,2021,8560
Oceania (CSET),,2022,8686
Oman,OMN,2014,39
Oman,OMN,2015,48
Oman,OMN,2016,54
Oman,OMN,2017,56
Oman,OMN,2018,83
Oman,OMN,2019,110
Oman,OMN,2020,134
Oman,OMN,2021,220
Oman,OMN,2022,309
Pakistan,PAK,2014,580
Pakistan,PAK,2015,614
Pakistan,PAK,2016,792
Pakistan,PAK,2017,1082
Pakistan,PAK,2018,1414
Pakistan,PAK,2019,2020
Pakistan,PAK,2020,2304
Pakistan,PAK,2021,3265
Pakistan,PAK,2022,3818
Palau,PLW,2017,2
Palau,PLW,2019,1
Palau,PLW,2020,2
Palau,PLW,2021,4
Palau,PLW,2022,3
Panama,PAN,2014,7
Panama,PAN,2015,14
Panama,PAN,2016,11
Panama,PAN,2017,13
Panama,PAN,2018,22
Panama,PAN,2019,25
Panama,PAN,2020,18
Panama,PAN,2021,30
Panama,PAN,2022,30
Papua New Guinea,PNG,2014,1
Papua New Guinea,PNG,2015,2
Papua New Guinea,PNG,2017,1
Papua New Guinea,PNG,2018,3
Papua New Guinea,PNG,2019,9
Papua New Guinea,PNG,2020,7
Papua New Guinea,PNG,2021,16
Papua New Guinea,PNG,2022,15
Paraguay,PRY,2014,5
Paraguay,PRY,2015,9
Paraguay,PRY,2016,21
Paraguay,PRY,2017,15
Paraguay,PRY,2018,15
Paraguay,PRY,2019,24
Paraguay,PRY,2020,25
Paraguay,PRY,2021,40
Paraguay,PRY,2022,23
Peru,PER,2014,66
Peru,PER,2015,78
Peru,PER,2016,80
Peru,PER,2017,123
Peru,PER,2018,172
Peru,PER,2019,230
Peru,PER,2020,310
Peru,PER,2021,381
Peru,PER,2022,426
Philippines,PHL,2014,91
Philippines,PHL,2015,126
Philippines,PHL,2016,152
Philippines,PHL,2017,223
Philippines,PHL,2018,349
Philippines,PHL,2019,464
Philippines,PHL,2020,469
Philippines,PHL,2021,553
Philippines,PHL,2022,820
Poland,POL,2014,1775
Poland,POL,2015,2013
Poland,POL,2016,2093
Poland,POL,2017,2140
Poland,POL,2018,2261
Poland,POL,2019,2196
Poland,POL,2020,2280
Poland,POL,2021,2673
Poland,POL,2022,2853
Portugal,PRT,2014,1250
Portugal,PRT,2015,1337
Portugal,PRT,2016,1217
Portugal,PRT,2017,1318
Portugal,PRT,2018,1461
Portugal,PRT,2019,1678
Portugal,PRT,2020,1658
Portugal,PRT,2021,2049
Portugal,PRT,2022,2295
Qatar,QAT,2014,197
Qatar,QAT,2015,213
Qatar,QAT,2016,244
Qatar,QAT,2017,232
Qatar,QAT,2018,289
Qatar,QAT,2019,332
Qatar,QAT,2020,446
Qatar,QAT,2021,533
Qatar,QAT,2022,649
"Quad (Australia, India, Japan and the US) (CSET)",,2014,38438
"Quad (Australia, India, Japan and the US) (CSET)",,2015,41766
"Quad (Australia, India, Japan and the US) (CSET)",,2016,45570
"Quad (Australia, India, Japan and the US) (CSET)",,2017,51150
"Quad (Australia, India, Japan and the US) (CSET)",,2018,62936
"Quad (Australia, India, Japan and the US) (CSET)",,2019,75707
"Quad (Australia, India, Japan and the US) (CSET)",,2020,89329
"Quad (Australia, India, Japan and the US) (CSET)",,2021,104530
"Quad (Australia, India, Japan and the US) (CSET)",,2022,110295
Romania,ROU,2014,834
Romania,ROU,2015,970
Romania,ROU,2016,892
Romania,ROU,2017,862
Romania,ROU,2018,971
Romania,ROU,2019,1168
Romania,ROU,2020,1228
Romania,ROU,2021,1285
Romania,ROU,2022,1473
Russia,RUS,2014,1181
Russia,RUS,2015,1568
Russia,RUS,2016,1997
Russia,RUS,2017,2552
Russia,RUS,2018,3331
Russia,RUS,2019,4540
Russia,RUS,2020,5036
Russia,RUS,2021,5556
Russia,RUS,2022,4624
Rwanda,RWA,2014,4
Rwanda,RWA,2015,2
Rwanda,RWA,2016,3
Rwanda,RWA,2017,3
Rwanda,RWA,2018,4
Rwanda,RWA,2019,21
Rwanda,RWA,2020,29
Rwanda,RWA,2021,41
Rwanda,RWA,2022,51
Saint Kitts and Nevis,KNA,2015,2
Saint Kitts and Nevis,KNA,2020,1
Saint Kitts and Nevis,KNA,2021,2
Saint Lucia,LCA,2019,1
Saint Lucia,LCA,2020,1
Saint Vincent and the Grenadines,VCT,2014,2
Saint Vincent and the Grenadines,VCT,2021,1
San Marino,SMR,2017,2
San Marino,SMR,2018,8
San Marino,SMR,2019,1
San Marino,SMR,2021,1
San Marino,SMR,2022,1
Sao Tome and Principe,STP,2014,1
Sao Tome and Principe,STP,2015,2
Sao Tome and Principe,STP,2022,1
Saudi Arabia,SAU,2014,648
Saudi Arabia,SAU,2015,777
Saudi Arabia,SAU,2016,788
Saudi Arabia,SAU,2017,952
Saudi Arabia,SAU,2018,1170
Saudi Arabia,SAU,2019,1808
Saudi Arabia,SAU,2020,2666
Saudi Arabia,SAU,2021,3943
Saudi Arabia,SAU,2022,5641
Senegal,SEN,2014,8
Senegal,SEN,2015,8
Senegal,SEN,2016,11
Senegal,SEN,2017,20
Senegal,SEN,2018,29
Senegal,SEN,2019,33
Senegal,SEN,2020,44
Senegal,SEN,2021,40
Senegal,SEN,2022,52
Serbia,SRB,2014,252
Serbia,SRB,2015,287
Serbia,SRB,2016,284
Serbia,SRB,2017,316
Serbia,SRB,2018,320
Serbia,SRB,2019,405
Serbia,SRB,2020,394
Serbia,SRB,2021,505
Serbia,SRB,2022,635
Seychelles,SYC,2018,1
Seychelles,SYC,2021,1
Seychelles,SYC,2022,2
Sierra Leone,SLE,2017,1
Sierra Leone,SLE,2018,1
Sierra Leone,SLE,2019,5
Sierra Leone,SLE,2020,4
Sierra Leone,SLE,2021,5
Sierra Leone,SLE,2022,3
Singapore,SGP,2014,1681
Singapore,SGP,2015,1702
Singapore,SGP,2016,1880
Singapore,SGP,2017,1935
Singapore,SGP,2018,2308
Singapore,SGP,2019,2710
Singapore,SGP,2020,3250
Singapore,SGP,2021,3871
Singapore,SGP,2022,4147
Slovakia,SVK,2014,372
Slovakia,SVK,2015,290
Slovakia,SVK,2016,352
Slovakia,SVK,2017,273
Slovakia,SVK,2018,368
Slovakia,SVK,2019,424
Slovakia,SVK,2020,472
Slovakia,SVK,2021,514
Slovakia,SVK,2022,571
Slovenia,SVN,2014,250
Slovenia,SVN,2015,315
Slovenia,SVN,2016,267
Slovenia,SVN,2017,300
Slovenia,SVN,2018,319
Slovenia,SVN,2019,377
Slovenia,SVN,2020,415
Slovenia,SVN,2021,494
Slovenia,SVN,2022,453
Somalia,SOM,2015,1
Somalia,SOM,2018,2
Somalia,SOM,2019,3
Somalia,SOM,2020,2
Somalia,SOM,2021,7
Somalia,SOM,2022,6
South Africa,ZAF,2014,299
South Africa,ZAF,2015,311
South Africa,ZAF,2016,391
South Africa,ZAF,2017,367
South Africa,ZAF,2018,476
South Africa,ZAF,2019,593
South Africa,ZAF,2020,806
South Africa,ZAF,2021,958
South Africa,ZAF,2022,1030
South America,,2014,3124
South America,,2015,3682
South America,,2016,3794
South America,,2017,4302
South America,,2018,5310
South America,,2019,6043
South America,,2020,6958
South America,,2021,7456
South America,,2022,6997
South Korea,KOR,2014,3701
South Korea,KOR,2015,3785
South Korea,KOR,2016,3628
South Korea,KOR,2017,4038
South Korea,KOR,2018,4922
South Korea,KOR,2019,5928
South Korea,KOR,2020,7581
South Korea,KOR,2021,9398
South Korea,KOR,2022,10468
South Sudan,SSD,2014,11
South Sudan,SSD,2015,15
South Sudan,SSD,2016,13
South Sudan,SSD,2017,15
South Sudan,SSD,2018,17
South Sudan,SSD,2019,23
South Sudan,SSD,2020,32
South Sudan,SSD,2021,42
South Sudan,SSD,2022,55
Spain,ESP,2014,3646
Spain,ESP,2015,3950
Spain,ESP,2016,3752
Spain,ESP,2017,4182
Spain,ESP,2018,4511
Spain,ESP,2019,5193
Spain,ESP,2020,5547
Spain,ESP,2021,6119
Spain,ESP,2022,6489
Sri Lanka,LKA,2014,107
Sri Lanka,LKA,2015,121
Sri Lanka,LKA,2016,140
Sri Lanka,LKA,2017,192
Sri Lanka,LKA,2018,260
Sri Lanka,LKA,2019,300
Sri Lanka,LKA,2020,450
Sri Lanka,LKA,2021,585
Sri Lanka,LKA,2022,598
Sudan,SDN,2014,24
Sudan,SDN,2015,45
Sudan,SDN,2016,49
Sudan,SDN,2017,62
Sudan,SDN,2018,62
Sudan,SDN,2019,67
Sudan,SDN,2020,55
Sudan,SDN,2021,99
Sudan,SDN,2022,86
Suriname,SUR,2014,1
Suriname,SUR,2019,1
Suriname,SUR,2021,1
Sweden,SWE,2014,1101
Sweden,SWE,2015,1049
Sweden,SWE,2016,1236
Sweden,SWE,2017,1246
Sweden,SWE,2018,1487
Sweden,SWE,2019,1872
Sweden,SWE,2020,2325
Sweden,SWE,2021,2646
Sweden,SWE,2022,2774
Switzerland,CHE,2014,1516
Switzerland,CHE,2015,1542
Switzerland,CHE,2016,1618
Switzerland,CHE,2017,1908
Switzerland,CHE,2018,2343
Switzerland,CHE,2019,2753
Switzerland,CHE,2020,3359
Switzerland,CHE,2021,4011
Switzerland,CHE,2022,4293
Syria,SYR,2014,11
Syria,SYR,2015,7
Syria,SYR,2016,16
Syria,SYR,2017,11
Syria,SYR,2018,20
Syria,SYR,2019,30
Syria,SYR,2020,44
Syria,SYR,2021,48
Syria,SYR,2022,68
Taiwan,TWN,2014,2073
Taiwan,TWN,2015,1958
Taiwan,TWN,2016,1898
Taiwan,TWN,2017,1936
Taiwan,TWN,2018,2335
Taiwan,TWN,2019,3035
Taiwan,TWN,2020,3527
Taiwan,TWN,2021,4212
Taiwan,TWN,2022,4502
Tajikistan,TJK,2014,7
Tajikistan,TJK,2015,5
Tajikistan,TJK,2016,9
Tajikistan,TJK,2017,9
Tajikistan,TJK,2018,12
Tajikistan,TJK,2019,29
Tajikistan,TJK,2020,40
Tajikistan,TJK,2021,43
Tajikistan,TJK,2022,36
Tanzania,TZA,2014,7
Tanzania,TZA,2015,11
Tanzania,TZA,2016,8
Tanzania,TZA,2017,16
Tanzania,TZA,2018,9
Tanzania,TZA,2019,22
Tanzania,TZA,2020,40
Tanzania,TZA,2021,54
Tanzania,TZA,2022,86
Thailand,THA,2014,568
Thailand,THA,2015,568
Thailand,THA,2016,644
Thailand,THA,2017,720
Thailand,THA,2018,860
Thailand,THA,2019,957
Thailand,THA,2020,949
Thailand,THA,2021,1275
Thailand,THA,2022,1517
Togo,TGO,2015,1
Togo,TGO,2017,1
Togo,TGO,2019,1
Togo,TGO,2020,3
Togo,TGO,2021,5
Togo,TGO,2022,10
Tonga,TON,2021,2
Trinidad and Tobago,TTO,2014,6
Trinidad and Tobago,TTO,2015,2
Trinidad and Tobago,TTO,2016,9
Trinidad and Tobago,TTO,2017,6
Trinidad and Tobago,TTO,2018,5
Trinidad and Tobago,TTO,2019,14
Trinidad and Tobago,TTO,2020,20
Trinidad and Tobago,TTO,2021,19
Trinidad and Tobago,TTO,2022,29
Tunisia,TUN,2014,628
Tunisia,TUN,2015,628
Tunisia,TUN,2016,857
Tunisia,TUN,2017,808
Tunisia,TUN,2018,739
Tunisia,TUN,2019,725
Tunisia,TUN,2020,846
Tunisia,TUN,2021,885
Tunisia,TUN,2022,1090
Turkey,TUR,2014,1366
Turkey,TUR,2015,1598
Turkey,TUR,2016,1777
Turkey,TUR,2017,2096
Turkey,TUR,2018,2446
Turkey,TUR,2019,2791
Turkey,TUR,2020,3289
Turkey,TUR,2021,4212
Turkey,TUR,2022,4849
Turkmenistan,TKM,2015,1
Turkmenistan,TKM,2019,2
Turkmenistan,TKM,2022,3
Tuvalu,TUV,2014,1
Tuvalu,TUV,2015,1
Tuvalu,TUV,2016,1
Tuvalu,TUV,2017,2
Tuvalu,TUV,2018,1
Tuvalu,TUV,2022,1
Uganda,UGA,2014,19
Uganda,UGA,2015,12
Uganda,UGA,2016,15
Uganda,UGA,2017,21
Uganda,UGA,2018,31
Uganda,UGA,2019,23
Uganda,UGA,2020,41
Uganda,UGA,2021,47
Uganda,UGA,2022,62
Ukraine,UKR,2014,186
Ukraine,UKR,2015,264
Ukraine,UKR,2016,347
Ukraine,UKR,2017,448
Ukraine,UKR,2018,647
Ukraine,UKR,2019,809
Ukraine,UKR,2020,1026
Ukraine,UKR,2021,1009
Ukraine,UKR,2022,979
United Arab Emirates,ARE,2014,180
United Arab Emirates,ARE,2015,265
United Arab Emirates,ARE,2016,297
United Arab Emirates,ARE,2017,405
United Arab Emirates,ARE,2018,563
United Arab Emirates,ARE,2019,881
United Arab Emirates,ARE,2020,1143
United Arab Emirates,ARE,2021,1518
United Arab Emirates,ARE,2022,2132
United Kingdom,GBR,2014,6516
United Kingdom,GBR,2015,6795
United Kingdom,GBR,2016,7633
United Kingdom,GBR,2017,8357
United Kingdom,GBR,2018,10148
United Kingdom,GBR,2019,12390
United Kingdom,GBR,2020,14647
United Kingdom,GBR,2021,16838
United Kingdom,GBR,2022,16545
United States,USA,2014,21835
United States,USA,2015,23280
United States,USA,2016,25185
United States,USA,2017,28792
United States,USA,2018,35857
United States,USA,2019,44895
United States,USA,2020,52268
United States,USA,2021,57192
United States,USA,2022,53690
Uruguay,URY,2014,36
Uruguay,URY,2015,39
Uruguay,URY,2016,30
Uruguay,URY,2017,41
Uruguay,URY,2018,46
Uruguay,URY,2019,54
Uruguay,URY,2020,71
Uruguay,URY,2021,96
Uruguay,URY,2022,86
Uzbekistan,UZB,2014,4
Uzbekistan,UZB,2015,10
Uzbekistan,UZB,2016,12
Uzbekistan,UZB,2017,20
Uzbekistan,UZB,2018,13
Uzbekistan,UZB,2019,79
Uzbekistan,UZB,2020,125
Uzbekistan,UZB,2021,232
Uzbekistan,UZB,2022,182
Vanuatu,VUT,2021,1
Vatican,VAT,2017,1
Vatican,VAT,2018,1
Vatican,VAT,2019,1
Vatican,VAT,2021,3
Venezuela,VEN,2014,48
Venezuela,VEN,2015,64
Venezuela,VEN,2016,76
Venezuela,VEN,2017,71
Venezuela,VEN,2018,53
Venezuela,VEN,2019,79
Venezuela,VEN,2020,48
Venezuela,VEN,2021,73
Venezuela,VEN,2022,61
Vietnam,VNM,2014,360
Vietnam,VNM,2015,442
Vietnam,VNM,2016,580
Vietnam,VNM,2017,579
Vietnam,VNM,2018,753
Vietnam,VNM,2019,1256
Vietnam,VNM,2020,1702
Vietnam,VNM,2021,2043
Vietnam,VNM,2022,2372
World,OWID_WRL,2014,145043
World,OWID_WRL,2015,153545
World,OWID_WRL,2016,164483
World,OWID_WRL,2017,183212
World,OWID_WRL,2018,222951
World,OWID_WRL,2019,272306
World,OWID_WRL,2020,317319
World,OWID_WRL,2021,382208
World,OWID_WRL,2022,421783
Yemen,YEM,2014,41
Yemen,YEM,2015,36
Yemen,YEM,2016,41
Yemen,YEM,2017,38
Yemen,YEM,2018,44
Yemen,YEM,2019,75
Yemen,YEM,2020,112
Yemen,YEM,2021,225
Yemen,YEM,2022,278
Zambia,ZMB,2014,3
Zambia,ZMB,2015,1
Zambia,ZMB,2016,1
Zambia,ZMB,2017,4
Zambia,ZMB,2018,5
Zambia,ZMB,2019,22
Zambia,ZMB,2020,13
Zambia,ZMB,2021,17
Zambia,ZMB,2022,32
Zimbabwe,ZWE,2014,15
Zimbabwe,ZWE,2015,10
Zimbabwe,ZWE,2016,8
Zimbabwe,ZWE,2017,10
Zimbabwe,ZWE,2018,13
Zimbabwe,ZWE,2019,21
Zimbabwe,ZWE,2020,20
Zimbabwe,ZWE,2021,40
Zimbabwe,ZWE,2022,40